name,address,price_range,start_price,end_price,category,sub_category,bookmark,positive,negative
Sushi Dokoro Matsudo (The Toy House) 鮨處松戶 (彩星集團大廈),"8/F The Toy House, 100 Canton Road, Tsim Sha Tsui",$201-400,201,400,Japanese,Sushi/Sashimi,13300,,
Hakkaisan Japanese Restaurant 八海山,"Shop 1-4, G/F, Prat Mansions, 26-36 Prat Avenue, Tsim Sha Tsui",$201-400,201,400,Japanese,Group Dining,7600,,
Saburo Japanese Yakiniku 三郎。燒肉,"Shop 3, G/F, H Zentre, 15 Middle Road, Tsim Sha Tsui",$401-800,401,800,Japanese,BBQ,6700,,
The Captain's House,"18/F, H8, 8 Hau Fook Street, Tsim Sha Tsui",$201-400,201,400,Western,Seafood,64800,1359,52
Outdark (厚福街),"17/F, H8, 8 Hau Fook Street, Tsim Sha Tsui",$101-200,101,200,Korean,Korean Fried Chicken,59800,882,22
Towada Sushi 十和田總本店,"G/F, Chinachem Cameron Centre, 42 Cameron Road, Tsim Sha Tsui",$201-400,201,400,Japanese,Sushi/Sashimi,45000,1196,39
The Grill Room (The Humphreys),"2/F, The Humphreys, 6-6A Humphrey's Avenue, Tsim Sha Tsui",$201-400,201,400,Western,Steak House,72800,1175,43
OPPA Coffee Bar Restaurant,"G/F, 1F Kimberley Street, Tsim Sha Tsui",$101-200,101,200,Korean,,45200,1338,123
Hanook Korean Restaurant 韓屋,"G/F, Beauty Mansion, 69-71A Kimberly Road, Tsim Sha Tsui",$101-200,101,200,Korean,,38600,776,50
Gram cafe & pancakes,"Shop L408, 4/F, The ONE, 100 Nathan Road, Tsim Sha Tsui",$101-200,101,200,Japanese,Dessert,21100,1023,148
Amitie Kitchen,"9/F, H8, 8 Hau Fook Street, Tsim Sha Tsui",$201-400,201,400,Italian,Steak House,35200,972,13
OMG Mamaday Mamaday,"2/F, Southgate Commercial Centre, 29 Granville Road, Tsim Sha Tsui",$101-200,101,200,International,Pizza,52100,865,19
LAB EAT Restaurant & Bar (金巴利道),"Shop 1-2, G/F, Kiu Fung Mansion, 83-89 Kimberley Road, Tsim Sha Tsui",$201-400,201,400,Western,Seafood,101800,1012,46
CURATOR Art & Café,"Shop B113C, B1/F, K11 Musea, Victoria Dockside, 18 Salisbury Road, Tsim Sha Tsui",$101-200,101,200,Western,Cake,35400,762,16
Tea Brush 茶墨,"Shop L411, 4/F, The ONE, 100 Nathan Road, Tsim Sha Tsui",Below $50,50,50,Japanese,Tea House,9200,790,25
Espresso Alchemy,"Shop B116, B1, Miramar Shopping Centre, 132 Nathan Road, Tsim Sha Tsui",$101-200,101,200,Western,Sandwich,17300,953,18
Chicken HOF & SOJU (Hillwood Road) 李家 (山林道),"Shop 2, G/F, The Leader Commercial Building, 54-56 Hillwood Road, Tsim Sha Tsui",$201-400,201,400,Korean,Korean Fried Chicken,25100,520,7
Flame Japanese Cuisine 焱丸水產,"Shop 5&6, G/F, Wah Fung Building, 23 Minden Avenue, Tsim Sha Tsui",$201-400,201,400,Japanese,Seafood,58600,1115,26
ATUM Restaurant,"Shop 101B, 1/F, K11 Art Mall, 18 Hanoi Road, Tsim Sha Tsui",$201-400,201,400,Western,Seafood,70800,,
BASE 2 Bar & Restaurant 基地貳,"G&1/F, Hai Xin Building, 17 Hart Avenue, Tsim Sha Tsui",$201-400,201,400,International,Coffee Shop,11300,,
Saburo Japanese Yakiniku 三郎。燒肉,"Shop 3, G/F, H Zentre, 15 Middle Road, Tsim Sha Tsui",$401-800,401,800,Japanese,BBQ,6700,,
Burgeroom (美麗華廣場一期),"Shop 207, L2, Mira Place One, 132 Nathan Road, Tsim Sha Tsui",$101-200,101,200,American,Hamburger,48200,1164,27
JUST'er Bar & Restaurant,"Shop A1-A2, G/F, 13 Hillwood Road, Tsim Sha Tsui",$101-200,101,200,Japanese,Seafood,24000,1039,26
AHAN THAI 阿閒泰,"Shop 219, 2/F, K11 Art Mall, 18 Hanoi Road, Tsim Sha Tsui",$101-200,101,200,Thai,Noodles/Rice Noodles,20500,628,27
Nan Ei Sui San 南瀛水產,"5/F, Tern Plaza, 3A-3C Cameron Road, Tsim Sha Tsui",$201-400,201,400,Japanese,Seafood,40400,806,30
The Cheesecake Factory 芝樂坊餐廳,"Shop G102, G/F, Gateway Arcade, Harbour City, 25 Canton Road, Tsim Sha Tsui",$101-200,101,200,International,Hamburger,68300,805,71
Lady Nara,"Shop 3303, 3/F, Gateway Arcade, Harbour City, 3-27 Canton Road, Tsim Sha Tsui",$101-200,101,200,Western,,21500,535,14
ATUM Restaurant,"Shop 101B, 1/F, K11 Art Mall, 18 Hanoi Road, Tsim Sha Tsui",$201-400,201,400,Western,Seafood,70800,761,36
Kikanbo 鬼金棒,"G/F, 20 Cameron Road, Tsim Sha Tsui",$101-200,101,200,Japanese,Ramen,15000,572,6
Master Beef (Carnarvon Plaza) 牛大人台灣火鍋吃到飽 (加拿芬廣場),"2/F, Carnarvon Plaza, 20 Carnarvon Road, Tsim Sha Tsui",$101-200,101,200,Taiwan,Hot Pot,61600,438,12
Sun Thai Restaurant 新泰東南亞餐廳,"Shop 1A, G/F & B/F, BCC Building, 25-31 Carnarvon Road, Tsim Sha Tsui",$101-200,101,200,Thai,Curry,23100,705,14
Yakiniku More 牛魔,"Shop 5-6, G/F, 8 Minden Avenue, Tsim Sha Tsui",$201-400,201,400,Japanese,BBQ,35700,760,19
G One Sushi Japanese Restaurant (Hau Fook Street) 鮨一 (厚福街),"18/F-20/F, The Lamma Tower, 12 Hau Fook Street, Tsim Sha Tsui",$401-800,401,800,Japanese,Sushi/Sashimi,55200,801,32
Fukuoka Hambageu 福岡漢堡扒,"Shop A, G/F, 11 Hau Fook Street, Tsim Sha Tsui",$101-200,101,200,Korean,Korean BBQ,15800,497,10
Odelice! (The ONE),"Shop L407, 4/F, The ONE, 100 Nathan Road, Tsim Sha Tsui",$201-400,201,400,French,Western,52200,732,40
8Five2 Restobar,"Shop 2, G/F, 8 Observatory Road, Tsim Sha Tsui",$101-200,101,200,Mexican,,30100,555,17
Saburo Japanese Yakiniku 三郎。燒肉,"Shop 3, G/F, H Zentre, 15 Middle Road, Tsim Sha Tsui",$401-800,401,800,Japanese,BBQ,6700,,
Sushi Dokoro Matsudo (The Toy House) 鮨處松戶 (彩星集團大廈),"8/F The Toy House, 100 Canton Road, Tsim Sha Tsui",$201-400,201,400,Japanese,Sushi/Sashimi,13300,,
Ryou Dou Raku 漁道樂,"Shop A, G/F, Kimberley House, 35 Kimberley Road, Tsim Sha Tsui",$401-800,401,800,Japanese,Seafood,20400,,
Wulu Restaurant 醉胡爐,"G/F, Perfect Commercial Building, 20 Austin Avenue, Tsim Sha Tsui",$201-400,201,400,Hong Kong Style,Hot Pot,31400,871,13
hoo 포차 hoo韓國包車,"22/F, The Lamma Tower, 12-12A Hau Fook Street, Tsim Sha Tsui",$101-200,101,200,Korean,Wine,23800,424,18
Cambo ขุนทอง (The ONE),"Shop L403, 4/F, The ONE, 100 Nathan Road, Tsim Sha Tsui",$101-200,101,200,Thai,,57200,868,88
Espresso Alchemy,"Shop 104, G/F, Harbour City, Gateway Arcade, 3-27 Canton Road, Tsim Sha Tsui",$101-200,101,200,Western,All Day Breakfast,9600,552,0
CHEF STAGE de Eddy Chu,"19/F, 17-19 Ashley Road, Tsim Sha Tsui",$201-400,201,400,Western,Wine,63900,1084,39
KUROMON AQUATIC JAPANESE RESTAURANT 黑門水產すいさん,"Shop 3 & 4, G/F, 8 Minden Avenue, Tsim Sha Tsui",$201-400,201,400,Japanese,Seafood,37000,739,34
Café Crêpe (K11),"Shop G29, G/F, K11 Art Mall, 18 Hanoi Road, Tsim Sha Tsui",$101-200,101,200,International,Pizza,9600,412,8
Nara Thai Cuisine (港威商場),"Shop 3303, 3/F, Gateway Arcade, Harbour City, 3-27 Canton Road, Tsim Sha Tsui",$101-200,101,200,Thai,,10500,424,10
Mokumoku Yakiton (厚福街),"16/F, The Lamma Tower, 12 Hau Fook Street, Tsim Sha Tsui",$201-400,201,400,Japanese,Skewer,26400,524,14
Hainan Shaoye 海南少爺,"Shop 16, G/F, Ocean Terminal, Harbour City, 3-27 Canton Road, Tsim Sha Tsui",$101-200,101,200,Singaporean,Group Dining,11800,566,38
Chili Party (Soravit on Granville Hotel) 麻辣派對 (瑞生酒店),"1/F, Soravit on Granville Hotel, 29A Granville Road, Tsim Sha Tsui",$101-200,101,200,Sichuan,Stir-Fry,35600,531,30
Tasty Hotpot Palace 香香宮煮,"1/F, Golden Glory Mansion, 16 Carnarvon Road, Tsim Sha Tsui",$201-400,201,400,Hong Kong Style,Hot Pot,23900,451,6
Yakiniku Shin 燒肉臻,"Shop 102, 1/F, Multifield Plaza, 3-7A Prat Avenue, Tsim Sha Tsui",$201-400,201,400,Japanese,BBQ,20200,416,4
Oasis Bar & Grill,"8/F, 1 Knutsford Terrace, Tsim Sha Tsui, Tsim Sha Tsui",$201-400,201,400,Western,Steak House,34200,949,14
Grandmama Cafe 婆婆珈琲屋,"1/F, The Nate, 176 Nathan Road, Tsim Sha Tsui",$101-200,101,200,Japanese,Dessert,35900,272,17
Royal INN,"Shop L121, 1/F, The ONE, 100 Nathan Road, Tsim Sha Tsui",$201-400,201,400,International,Seafood,14200,,
Hakkaisan Japanese Restaurant 八海山,"Shop 1-4, G/F, Prat Mansions, 26-36 Prat Avenue, Tsim Sha Tsui",$201-400,201,400,Japanese,Group Dining,7600,,
Ryou Dou Raku 漁道樂,"Shop A, G/F, Kimberley House, 35 Kimberley Road, Tsim Sha Tsui",$401-800,401,800,Japanese,Seafood,20400,,
Goobne Chicken (The Hart),"2/F, The HART, 4 Hart Avenue, Tsim Sha Tsui",$101-200,101,200,Korean,Korean Fried Chicken,57700,787,24
Little Fish (Kam Ma Building) 小魚兒 (金馬大廈),"1/F, Kam Ma Building, 16 Cameron Road, Tsim Sha Tsui",$201-400,201,400,Sichuan,Hot Pot,28100,482,9
Gekiyasu Yakiniku 驚安燒肉商店,"Shop C, 3/F, China Insurance Building, 48 Cameron Road, Tsim Sha Tsui",$201-400,201,400,Japanese,Wine,36000,288,3
Paper Moon,"Shop OTE301, 3/F, Ocean Terminal, Harbour City, 3-27 Canton Road, Tsim Sha Tsui",$201-400,201,400,Italian,Pizza,72000,262,62
Opa Mediterranean Bar and Bistro,"Shop 1-2, G/F, Union Mansion, 33-35 Chatham Road South, Tsim Sha Tsui",$201-400,201,400,Mediterranean,Western,12000,444,14
HAND3AG (K11購物藝術館),"Shop B226, B2/F, K11 Art Mall, 18 Hanoi Road, Tsim Sha Tsui",Below $50,50,50,International,Sandwich,12900,426,12
MUTA Restaurant by ATUM,"Shop B131, B1/F, Mira Place One, 132 Nathan Road, Tsim Sha Tsui",$101-200,101,200,Japanese,Yoshoku,26300,391,7
BaliTown 峇里堂,"3/F, The Nate, 176 Nathan Road, Tsim Sha Tsui",$51-100,51,100,Indonesian,Coffee Shop,19600,290,10
Siam Noodles (Lock Road) 泰濃麵 (樂道),"Shop A, G/F, Kar Lock Building, 7 Lock Road, Tsim Sha Tsui",$51-100,51,100,Thai,,17600,473,9
Almond Dessert (Champagne Building) 杏甜品 (香檳大廈),"Shop 6, G/F, Champagne Building, 40-46 Carnarvon Road, Tsim Sha Tsui",Below $50,50,50,Hong Kong Style,Dessert,10000,443,11
The Market,"2/F, Hotel ICON, 17 Science Museum Road, Tsim Sha Tsui",$401-800,401,800,International,Seafood,83000,537,62
HEXA 六公館,"Shop OTE 101, G/F, Ocean Terminal, Harbour City, 3-27 Canton Road, Tsim Sha Tsui",$401-800,401,800,Guangdong,Stir-Fry,53400,450,39
Kausumisu 牛匠石燒,"G/F, Fook Kiu Mansion, 34-36A Cameron Road, Tsim Sha Tsui",$201-400,201,400,Japanese,Ramen,13400,465,11
Le Viet,"Shop L402, 4/F, The ONE, 100 Nathan Road, Tsim Sha Tsui",$101-200,101,200,Vietnamese,Skewer,29900,705,28
Leisurely Veggie 雅 ‧悠蔬食,"Shop B, 3/F, China Insurance Building, 48 Cameron Road, Tsim Sha Tsui",$101-200,101,200,International,Vegetarian,34400,632,17
Saburo Japanese Yakiniku 三郎。燒肉,"Shop 3, G/F, H Zentre, 15 Middle Road, Tsim Sha Tsui",$401-800,401,800,Japanese,BBQ,6700,,
Hakkaisan Japanese Restaurant 八海山,"Shop 1-4, G/F, Prat Mansions, 26-36 Prat Avenue, Tsim Sha Tsui",$201-400,201,400,Japanese,Group Dining,7600,,
Royal INN,"Shop L121, 1/F, The ONE, 100 Nathan Road, Tsim Sha Tsui",$201-400,201,400,International,Seafood,14200,,
TONO DAIKIYA 殿 大喜屋,"1/F, 26 Kimberley Road, Tsim Sha Tsui",$201-400,201,400,Japanese,Sushi/Sashimi,83500,786,43
Sushi Sho 翔壽司,"Shop 4, G/F, Dorfu Court, 5-6 Hau Fook Street, Tsim Sha Tsui",$51-100,51,100,Japanese,Sushi/Sashimi,16700,470,6
Chatterbox Café,"Shop B110, B1/F, K11 Musea, Victoria Dockside, 18 Salisbury Road, Tsim Sha Tsui",$101-200,101,200,Singaporean,Food Wise Eateries,14900,371,31
Greenland Spicy Crab 翠林辣蟹舫,"Shop A, 1/F, Astoria Building, 24-38 Ashley Road, Tsim Sha Tsui",$201-400,201,400,Guangdong,Seafood,23200,793,22
Tian Tian Hainanese Chicken Rice (ELEMENTS) 天天海南雞飯 (ELEMENTS圓方),"Shop 1050A, 1/F, Water Zone, ELEMENTS, 1 Austin Road West, Tsim Sha Tsui",$101-200,101,200,Singaporean,,9200,395,40
Potluck Eatery,"G/F, Golden Gate Commercial Building, 136-138 Austin Road, Tsim Sha Tsui",$201-400,201,400,Western,Pizza,36100,495,5
La Vache!,"G/F, 12 Hart Avenue, Tsim Sha Tsui",$201-400,201,400,French,Steak House,61900,278,10
Akita Hamayaki 秋田浜燒食堂,"G/F, 8 Observatory Court, Tsim Sha Tsui",$401-800,401,800,Japanese,Seafood,13100,581,1
Seorae 喜來稀肉,"G/F-1/F, Passkon Court, 79-81 Kimberley Road, Tsim Sha Tsui",$101-200,101,200,Korean,Roast Meat,33600,556,15
Ganso Tsukemen 元祖沾麵專門店,"Shop 5, G/F, Dorfu Court, 5-6 Hau Fook Street, Tsim Sha Tsui",$101-200,101,200,Japanese,Ramen,24300,817,134
Vego Coffee 齋啡,"Shop 7B, G/F, Garden Mansion, 154-156 Austin Road, Tsim Sha Tsui",$51-100,51,100,Western,Vegetarian,20800,316,18
Morton's of Chicago,"4/F, The Sheraton Hong Kong Hotel & Towers, 20 Nathan Road, Tsim Sha Tsui",Above $801,801,801,American,Steak House,68700,300,14
Anjappar Chettinad Indian Restaurant,"Shop 202, 2/F, Multifield Plaza, 3-7A Prat Avenue, Tsim Sha Tsui",$101-200,101,200,Indian,,14200,397,4
Ajidouraku (Hanoi Road) 味道樂居酒屋 (河內道),"G/F, 2 Hanoi Road, Tsim Sha Tsui",$101-200,101,200,Japanese,Izakaya,19600,650,16
KEBABEER 串酒里,"Shop B, G/F, 6 Hillwood Road, Tsim Sha Tsui",$101-200,101,200,Japanese,Roast Meat,23300,743,21
Sushi Dokoro Matsudo (The Toy House) 鮨處松戶 (彩星集團大廈),"8/F The Toy House, 100 Canton Road, Tsim Sha Tsui",$201-400,201,400,Japanese,Sushi/Sashimi,13300,,
BASE 2 Bar & Restaurant 基地貳,"G&1/F, Hai Xin Building, 17 Hart Avenue, Tsim Sha Tsui",$201-400,201,400,International,Coffee Shop,11300,,
Saburo Japanese Yakiniku 三郎。燒肉,"Shop 3, G/F, H Zentre, 15 Middle Road, Tsim Sha Tsui",$401-800,401,800,Japanese,BBQ,6700,,
The Wall Street Bar & Lounge,"1/F, MW Plaza, 40 Kimberley Road, Tsim Sha Tsui",$101-200,101,200,International,Wine,8000,315,4
Black Wood Izakaya (Cameron Road) 黑木亭居酒屋 (金馬倫道),"G/F-1//F, Kok Pah Mansion, 58-60 Cameron Road, Tsim Sha Tsui",$201-400,201,400,Japanese,Robatayaki,19400,398,16
Sushi Tokumi 德美壽司,"5/F, H8, 8 Hau Fook Street, Tsim Sha Tsui",$101-200,101,200,Japanese,Sushi/Sashimi,29200,553,20
Fifth Element Shokudo 五要素食堂,"Shop L308, 3/F, The ONE, 100 Nathan Road, Tsim Sha Tsui",$101-200,101,200,Japanese,Yoshoku,12300,305,14
Happy Q 喜膳燒,"G/F, 10 Prat Avenue, Tsim Sha Tsui",$101-200,101,200,Hong Kong Style,Skewer,15500,570,8
Espuma (H8),"2/F, H8, 8 Hau Fook Street, Tsim Sha Tsui",$101-200,101,200,Spanish,Dessert,72800,901,98
Oyster Cove (Kimberley Road) 蠔灣 (金巴利道),"Shop A, G/F, New Landwide Commercial Building, 73 Kimberley Road, Tsim Sha Tsui",$201-400,201,400,Western,Seafood,7400,261,4
Zither Garden (Prince Tower) 古琴雅苑 (太子集團中心),"15/F, Prince Tower, 12A Peking Road, Tsim Sha Tsui",$201-400,201,400,Jiang-Zhe,Stir-Fry,39600,295,22
Bayfare Social,"5/F, Rosewood Hong Kong, 18 Salisbury Road, Tsim Sha Tsui",$201-400,201,400,Western,Seafood,29300,191,7
The Point - Pizza & Pasta (The ONE),"Shop 409, L4/F, The ONE, 100 Nathan Road, Tsim Sha Tsui",$101-200,101,200,Italian,Pizza,31600,583,25
Nathan Left 彌敦左岸,"G/F & 1/F, Hart Avenue Plaza, 5-9 Hart Avenue, Tsim Sha Tsui",$201-400,201,400,Western,Seafood,33500,835,15
云手工火鍋店,"3/F, Soravit on Granville Hotel, 20 Granville Road, Tsim Sha Tsui",$201-400,201,400,Guangdong,Hot Pot,3800,341,1
Mikazuki 三日月,"Shop B, 2/F, Cameron Plaza, 23 Cameron Road, Tsim Sha Tsui",$401-800,401,800,Japanese,Teppanyaki,12200,371,11
Gusto - Taste Italian,"Shop 3A, 5 & 6, G/F, Mirror Tower, 61 Mody Road, Tsim Sha Tsui",$101-200,101,200,Italian,Bar,10400,286,10
Terrace in Seaside (海港城),"Shop OT233, 2/F, Ocean Terminal, Harbour City, 3-27 Canton Road, Tsim Sha Tsui",$101-200,101,200,Korean,Korean Fried Chicken,13600,321,3
Sushi Dokoro Matsudo (The Toy House) 鮨處松戶 (彩星集團大廈),"8/F The Toy House, 100 Canton Road, Tsim Sha Tsui",$201-400,201,400,Japanese,Sushi/Sashimi,13300,,
Royal INN,"Shop L121, 1/F, The ONE, 100 Nathan Road, Tsim Sha Tsui",$201-400,201,400,International,Seafood,14200,,
Ryou Dou Raku 漁道樂,"Shop A, G/F, Kimberley House, 35 Kimberley Road, Tsim Sha Tsui",$401-800,401,800,Japanese,Seafood,20400,,
Wulu 胡爐,"16/F, H8, 8 Hau Fook Street, Tsim Sha Tsui",$201-400,201,400,Hong Kong Style,Hot Pot,17800,543,6
Camellia,"Shop 033, G/F, K11 Musea, Victoria Dockside, 18 Salisbury Road, Tsim Sha Tsui",$101-200,101,200,Western,Cake,39100,279,41
逸 壽司,"Shop A2A & A2B, G/F, Astoria Building, 24-38 Ashley Road, Tsim Sha Tsui",$101-200,101,200,Japanese,Sushi/Sashimi,5300,264,4
TSUKADA NOJO 塚田農場,"Shop OTE 202, 2/F, Ocean Terminal, Harbour City, 3-27 Canton Road, Tsim Sha Tsui",$201-400,201,400,Japanese,Hot Pot,47400,297,53
Hiyama 日山,"Shop OTE302, 3/F, Ocean Terminal, Harbour City, 3-27 Canton Road, Tsim Sha Tsui",$401-800,401,800,Japanese,,35800,150,7
Japanese Wagyu Yakiniku Pure 和牛燒肉‧純,"Shop 3,1/F, Hilton Towers, 96 Granville Road, Tsim Sha Tsui",$401-800,401,800,Japanese,Roast Meat,37600,575,6
KOKON2 古今二,"Shop 502, 5/F, The ONE, 100 Nathan Road, Tsim Sha Tsui",$201-400,201,400,Japanese,Sushi/Sashimi,5100,310,6
Kabo Burger (Wardley Centre) 嘉寶漢堡 (和益中心),"G/F, Wardley Centre, 9-11 Prat Avenue, Tsim Sha Tsui",$51-100,51,100,Hong Kong Style,Hamburger,22700,220,5
Arashiyama Japanese Restaurant 嵐山日本料理,"G/F, 11 Minden Avenue, Tsim Sha Tsui",$201-400,201,400,Japanese,Sushi/Sashimi,41800,601,10
Reiwa ShabuShabu & Sake 令和鍋物酒場,"G/F - 1/F, Luxury Court, 9 Hau Fook Street, Tsim Sha Tsui",$101-200,101,200,Japanese,Izakaya,9100,296,4
Liu Liang San 六両三,"G/F, 3 lchang Street, Tsim Sha Tsui",$51-100,51,100,Taiwan,,43400,486,44
GREEN,"G/F Hotel Icon, 17 Science Museum Road, Tsim Sha Tsui",$201-400,201,400,Western,Coffee Shop,28600,443,29
ASOK Thai Garden,"G/F, 37 Ashley Road, Tsim Sha Tsui",$101-200,101,200,Thai,Wine,22400,250,7
JKJ POT 尚上下夏 - 養生雞煲火鍋,"G/F, 23 Hillwood Road, Tsim Sha Tsui",$101-200,101,200,Hong Kong Style,Hot Pot,24500,493,18
SAKEH,"G/F - 1/F, The Bauhinia, 5-9 Observatory Court, Tsim Sha Tsui",$201-400,201,400,Japanese,Wine,15600,469,8
Royal INN,"Shop L121, 1/F, The ONE, 100 Nathan Road, Tsim Sha Tsui",$201-400,201,400,International,Seafood,14200,,
Saburo Japanese Yakiniku 三郎。燒肉,"Shop 3, G/F, H Zentre, 15 Middle Road, Tsim Sha Tsui",$401-800,401,800,Japanese,BBQ,6700,,
Sushi Dokoro Matsudo (The Toy House) 鮨處松戶 (彩星集團大廈),"8/F The Toy House, 100 Canton Road, Tsim Sha Tsui",$201-400,201,400,Japanese,Sushi/Sashimi,13300,,
Dazzling Cafe (The ONE),"Shop 22, L3, The ONE, 100 Nathan Road, Tsim Sha Tsui",$101-200,101,200,International,Dessert,39900,727,65
Crab Fairy (Universal Mansion) 蟹仙海鮮私房．蒸氣石碢 (環海大廈),"G/F, Universal Mansion Phase 2, 2 Observatory Count, Tsim Sha Tsui",$201-400,201,400,Guangdong,Seafood,10400,385,20
Glasshouse Greenery (Victoria Dockside K11 Musea),"Shop 501&503A, 5/F, K11 Musea, Victoria Dockside, 18 Salisbury Road, Tsim Sha Tsui",$101-200,101,200,Western,All Day Breakfast,56500,221,79
The Fly Place (Kowloon Centre) 烏蠅館 (九龍中心大廈),"Shop G29, G/F, Kowloon Centre, 29-39 Ashley Road, Tsim Sha Tsui",$51-100,51,100,Sichuan,Hot Pot,14900,241,5
Floom Floom 鳥語,"10/F, The Lamma Tower, 12-12A Hau Fook Street, Tsim Sha Tsui",$101-200,101,200,Japanese,Coffee Shop,32900,311,47
人和月雞煲火鍋店,"3/F, Zhongda Building, 38-40 Haiphong Road, Tsim Sha Tsui",$201-400,201,400,Hong Kong Style,Hot Pot,10400,333,10
GoodDay BadDay MamaDay,"G&1/F, Ka Wing Building, 27-27A Granville Road, Tsim Sha Tsui",$101-200,101,200,International,All Day Breakfast,18200,513,3
二鍋頭 (嘉芙中心),"1/F, Katherine Centre, 53-55 Chatham Road South, Tsim Sha Tsui",$101-200,101,200,Hong Kong Style,Hot Pot,7800,416,5
Honbo,"Shop 2602, 2/F, Gateway Arcade, Harbour City, 3-27 Canton Road, Tsim Sha Tsui",$101-200,101,200,American,Hamburger,5700,277,1
Ranbashi Donburi Restaurant 嵐橋丼飯專門店,"Shop BCD, Rich Tower, 2 Blenheim Ave, Minden Ave, Tsim Sha Tsui",$101-200,101,200,Japanese,Sushi/Sashimi,26900,512,6
Ha Noi Vietnamese Cuisine 河內越式料理,"G/F, 10 Humphreys Avenue, Tsim Sha Tsui",$51-100,51,100,Vietnamese,Noodles/Rice Noodles,3700,227,0
鮮入圍煮花膠雞海鮮火鍋,"8/F, H8, 8 Hau Fook Street, Tsim Sha Tsui",$201-400,201,400,Guangdong,Hot Pot,10000,220,2
Something Wild - The Farm 野玩田店,"Shop 307, 3/F, iSQUARE, 63 Nathan Road, Tsim Sha Tsui",$101-200,101,200,Western,Vegetarian,13700,259,6
Whatever Bar & Restaurant,"4/F, Canton Plaza, 82-84 Canton Road, Tsim Sha Tsui",$101-200,101,200,Western,All Day Breakfast,8000,279,3
Time Park Lounge,"Basement, Minden House, 13-15 Minden Avenue, Tsim Sha Tsui",$201-400,201,400,Western,Coffee Shop,11600,508,9
Sushi Dokoro Matsudo (The Toy House) 鮨處松戶 (彩星集團大廈),"8/F The Toy House, 100 Canton Road, Tsim Sha Tsui",$201-400,201,400,Japanese,Sushi/Sashimi,13300,,
Ryou Dou Raku 漁道樂,"Shop A, G/F, Kimberley House, 35 Kimberley Road, Tsim Sha Tsui",$401-800,401,800,Japanese,Seafood,20400,,
BASE 2 Bar & Restaurant 基地貳,"G&1/F, Hai Xin Building, 17 Hart Avenue, Tsim Sha Tsui",$201-400,201,400,International,Coffee Shop,11300,,
Beef Station 牛站（駅）麻辣火鍋放題,"Shop 102, 1/F, Albion Plaza, 2-6 Granville Road, Tsim Sha Tsui",$101-200,101,200,Taiwan,Hot Pot,10500,367,2
Nanhai No.1 南海一號,"Shop 3001&3101, 30/F-31/F, iSQUARE, 63 Nathon Road, Tsim Sha Tsui",$201-400,201,400,Guangdong,Dim Sum,59300,257,74
Thai Master Restaurant & Bar (Zhongda Building) 泰斗 (中達大廈),"Level 4, Zhongda Building, 38-40 Haiphong Road, Tsim Sha Tsui",$201-400,201,400,Thai,,38000,517,26
Meat Fight 肉搏食堂,"G/F, 2A Hau Fook Street, Tsim Sha Tsui",$101-200,101,200,Japanese,,4500,264,24
Ryou Dou Raku 漁道樂,"Shop A, G/F, Kimberley House, 35 Kimberley Road, Tsim Sha Tsui",$401-800,401,800,Japanese,Seafood,20400,483,34
The Butterfly Room,"2/F, Rosewood Hong Kong, 18 Salisbury Road, Tsim Sha Tsui",$201-400,201,400,Western,Ice Cream/yogurt,13900,187,16
PAN de PAIN Pancake & Sweets (K11購物藝術館),"Shop B111B & B111C, B1/F, K11 Art Mall, 18 Hanoi Road, Tsim Sha Tsui",$51-100,51,100,Japanese,Dessert,36400,517,98
Kura Tobi 蔵鳶居酒屋,"Shop 7-8, G/F, 44-46 Carnarvon Road, Tsim Sha Tsui",$101-200,101,200,Japanese,Sushi/Sashimi,8100,230,5
Hancham Korean Meathouse (Prat Avenue) 韓珍 (寶勒巷),"1/F., Winfield Commercial Building, 6-8A Prat Avenue, Tsim Sha Tsui",$201-400,201,400,Korean,Korean BBQ,32000,427,28
Ramen Bari-Uma (Kimberley Road) 霸嗎拉麵 (金巴利道),"G/F, 26 Kimberley Road, Tsim Sha Tsui",$51-100,51,100,Japanese,Ramen,33700,636,45
Page Common,"G/F, Page 148, 148 Austin Road, Tsim Sha Tsui",$51-100,51,100,Western,Coffee Shop,26900,178,1
Palco Ristorante,"Shop OTE 403-404, 4/F, Ocean Terminal, Harbour City, 3-27 Canton Road, Tsim Sha Tsui",$401-800,401,800,Italian,,30800,163,19
MOKUTAN 黑木,"Shop 2, G/F, 8 Kimberley Street, Tsim Sha Tsui",$401-800,401,800,Japanese,Skewer,12600,398,5
Hungry Bird 肚餓了串燒烤焗專門店,"6/F, 17-19 Ashley Road, Tsim Sha Tsui",$101-200,101,200,Hong Kong Style,Seafood,36100,756,70
Kinabaji Korean Cafe and Restaurant 奇納百川,"Shop LCX34, 3/F, Ocean Terminal, Harbour City, 3-27 Canton Road, Tsim Sha Tsui",$201-400,201,400,Korean,Korean Fried Chicken,14500,280,63
ATUM Restaurant,"Shop 101B, 1/F, K11 Art Mall, 18 Hanoi Road, Tsim Sha Tsui",$201-400,201,400,Western,Seafood,70800,,
BASE 2 Bar & Restaurant 基地貳,"G&1/F, Hai Xin Building, 17 Hart Avenue, Tsim Sha Tsui",$201-400,201,400,International,Coffee Shop,11300,,
Ryou Dou Raku 漁道樂,"Shop A, G/F, Kimberley House, 35 Kimberley Road, Tsim Sha Tsui",$401-800,401,800,Japanese,Seafood,20400,,
How To Live Well (K11購物藝術館),"Shop 201-01, 2/F, K11 Art Mall, 18 Hanoi Road, Tsim Sha Tsui",$101-200,101,200,Western,Pizza,26700,140,5
Log Ye Dim Sum 樂意點心,"Shop C, G/F, Hanyee Building , 19-21 Hankow Road, Tsim Sha Tsui",$51-100,51,100,Guangdong,Soup,7100,180,3
La Famille,"Shop B102B, B1/F, K11 Art Mall, 18 Hanoi Road, Tsim Sha Tsui",$201-400,201,400,Japanese,Dessert,5300,251,2
Iberians,"Shop 82-83 & 85, G/F, New Mandarin Plaza, 14 Science Museum Road, Tsim Sha Tsui",$201-400,201,400,Spanish,Wine,9700,236,5
Gontran Cherrier (Restaurant),"Shop B207, B2/F, K11 Musea, Victoria Dockside, 18 Salisbury Road, Tsim Sha Tsui",$51-100,51,100,French,Bakery,20600,244,15
Zi 梔子,"G/F, 8 Hillwood Road, Tsim Sha Tsui",$51-100,51,100,Western,Wine,30500,262,17
"TWIST & BUCKLE, Churros Specialists","G/F, Windsor Mansion, 29-31 Chatham Road South, Tsim Sha Tsui",$101-200,101,200,Spanish,Dessert,10900,175,1
Reaction Coffee Roasters,"Shop A, G/F, Lyton Building, 32-48 Mody Road, Tsim Sha Tsui",$101-200,101,200,Western,Coffee Shop,18300,148,6
Gyushige (MW Plaza) 牛繁 (MW Plaza),"G/F, MW Plaza , 40 Kimberley Road, Tsim Sha Tsui",$201-400,201,400,Japanese,Roast Meat,26300,391,17
Ebisoba Ichigen 一幻拉麵,"Shop OT G59, G/F, Ocean Terminal, Harbour City, 3-27 Canton Road, Tsim Sha Tsui",$101-200,101,200,Japanese,Ramen,12400,255,24
Three on Canton,"3/F, Gateway Hotel, Harbour City, 13 Canton Road, Tsim Sha Tsui",$401-800,401,800,International,Buffet,66600,253,42
Pici,"G/F, 29-31 Chatham Road South, Tsim Sha Tsui",$101-200,101,200,Italian,,24600,194,10
Japanese Restaurant Doraya (Hau Fook Street) 定食 Doraya (厚福街),"6/F H8, 8 Hau Fook Street, Tsim Sha Tsui",$101-200,101,200,Japanese,Sushi/Sashimi,37600,342,11
CARAT Fine Indian and Mediterranean Cuisine (盈豐商業大廈),"4/F, Winfield Commercial Building, 6-8A Prat Avenue, Tsim Sha Tsui",$101-200,101,200,Indian,Vegetarian,6100,237,0
Youniqueed,"Shop A2, G/F, Granville House, 41C Granville Road, Tsim Sha Tsui",$51-100,51,100,Western,All Day Breakfast,3100,174,2
Hakkaisan Japanese Restaurant 八海山,"Shop 1-4, G/F, Prat Mansions, 26-36 Prat Avenue, Tsim Sha Tsui",$201-400,201,400,Japanese,Group Dining,7600,,
Saburo Japanese Yakiniku 三郎。燒肉,"Shop 3, G/F, H Zentre, 15 Middle Road, Tsim Sha Tsui",$401-800,401,800,Japanese,BBQ,6700,,
Sushi Dokoro Matsudo (The Toy House) 鮨處松戶 (彩星集團大廈),"8/F The Toy House, 100 Canton Road, Tsim Sha Tsui",$201-400,201,400,Japanese,Sushi/Sashimi,13300,,
The Alchemist Café (K11 Art Mall) 牧羊少年咖啡館 (K11購物藝術館),"Shop B227, B2/F, K11 Art Mall, 18 Hanoi Road, Tsim Sha Tsui",$101-200,101,200,Western,Dessert,23500,198,12
The Pearl,"4/F, Attitude on Granville, 20-22 Granville Road, Tsim Sha Tsui",$201-400,201,400,Italian,All Day Breakfast,14500,199,4
J.S. FOODIES (海港城),"Shop 2608-2609, 2/F, Gateway Arcade, Harbour City, 3-27 Canton Road, Tsim Sha Tsui",$101-200,101,200,International,Dessert,13500,153,2
Library Restaurant and Bar,"3/F, Manson House, 74-78 Nathan Road, Tsim Sha Tsui",$101-200,101,200,Western,Bar,20100,192,7
NINETYs (星光行),"Shop L202 & 203, Eslite Book Store, 2/F, Star Annex, Star House, 3 Salisbury Road, Tsim Sha Tsui",$101-200,101,200,Western,Vegetarian,10800,179,6
The Moonious 滿小館,"Shop 30-41, G/F, Houston Centre, 63 Mody Road, Tsim Sha Tsui",$201-400,201,400,Guangdong,Dim Sum,12300,220,4
XIHEYAYUAN 羲和雅苑,"Shop OTE203, 2/F, Ocean Terminal, Harbour City, 3-27 Canton Road, Tsim Sha Tsui",$401-800,401,800,Beijing,Stir-Fry,34800,513,81
Greyhound Café Galleria (Victoria Dockside K11 Musea),"Shop 327A&327C, 3/F, K11 Musea, Victoria Dockside, 18 Salisbury Road, Tsim Sha Tsui",$201-400,201,400,Thai,,35800,161,23
The Yuu Japanese Dining 一遊,"4/F, 1 Knutsford Terrace, Tsim Sha Tsui",$201-400,201,400,Japanese,Sushi/Sashimi,7800,272,14
Shanghai Po Po 336 (iSQUARE) 上海婆婆336 (iSQUARE國際廣場),"Shop 605-606, 6/F, iSQUARE, 63 Nathon Road, Tsim Sha Tsui",$101-200,101,200,Shanghai,Stir-Fry,17200,400,38
Jan Jan Kushikatsu (Soho Tower) Jan Jan 串揚專門店 (尊豪坊),"1/F, Soho Tower, 25 Hart Avenue, Tsim Sha Tsui",$201-400,201,400,Japanese,Skewer,22400,207,2
Tarou Izakaya 太郎居酒屋,"9/F, Canton Plaza, 82-84 Canton Road, Tsim Sha Tsui",$201-400,201,400,Japanese,Sushi/Sashimi,4200,179,0
The Lobby 半島酒店大堂茶座,"G/F, The Peninsula Hong Kong, 22 Salisbury Road, Tsim Sha Tsui",$201-400,201,400,Western,Bakery,13300,329,34
Amina Modern European,"8/F, Canton Plaza, 82-84 Canton Road, Tsim Sha Tsui",Above $801,801,801,Italian,Fine Dining,19600,414,8
Playa de Papagayo,"Shop N3, G/F, Podium Plaza, 5 Hanoi Road, Tsim Sha Tsui",$101-200,101,200,Spanish,Bar,23200,413,14
Saburo Japanese Yakiniku 三郎。燒肉,"Shop 3, G/F, H Zentre, 15 Middle Road, Tsim Sha Tsui",$401-800,401,800,Japanese,BBQ,6700,,
ATUM Restaurant,"Shop 101B, 1/F, K11 Art Mall, 18 Hanoi Road, Tsim Sha Tsui",$201-400,201,400,Western,Seafood,70800,,
Ryou Dou Raku 漁道樂,"Shop A, G/F, Kimberley House, 35 Kimberley Road, Tsim Sha Tsui",$401-800,401,800,Japanese,Seafood,20400,,
YAOYAO (Gateway Arcade) 姚姚酸菜魚 (港威商場),"Shop 2307, 2/F, Gateway Arcade, Harbour City, 3-27 Canton Road, Tsim Sha Tsui",$201-400,201,400,Sichuan,,9500,225,18
Izakaya - Honotorihane 炎鳥羽,"17/F, The Lamma Tower, 12-12A Hau Fook Street, Tsim Sha Tsui",$201-400,201,400,Japanese,Sushi/Sashimi,15500,270,1
Artisan De La Truffe 松藝館,"Shop OTE303, 3/F, Ocean Terminal, Harbour City, 3-27 Canton Road, Tsim Sha Tsui",$401-800,401,800,French,,32600,221,31
Water Gate Chicken Rice (Mangan Building) 水門雞飯 (萬勤商業大廈),"G/F, Mangan Building, 18 Cameron Road, Tsim Sha Tsui",$51-100,51,100,Thai,,14000,249,17
Mango Tree,"Shop 2032, 2/F, Metal Zone, ELEMENTS, 1 Austin Road West, Tsim Sha Tsui",$201-400,201,400,Thai,Meatless Menu,41200,275,29
Umai SushiKan うまい鮨勘,"Shop OTG04, G/F, Ocean Terminal, Harbour City, 3-27 Canton Road, Tsim Sha Tsui",$201-400,201,400,Japanese,,19400,284,29
A Xing Fruit Tea & Rice Roll 阿杏飯團,"Shop 18C, G/F, East Ocean Centre, 98 Granville Road, Tsim Sha Tsui",$51-100,51,100,Taiwan,Taiwanese Drink,2800,162,2
SPICE Restaurant & Bar,"2/F, 1 Knutsford Terrace, Tsim Sha Tsui",$201-400,201,400,Indian,Pizza,15400,563,11
Let's Jam 一起果醬,"Shop D, G/F, 15-17 Pine Tree Hill Road, Tsim Sha Tsui",$101-200,101,200,Western,Dessert,36500,646,31
Tin Lung Heen 天龍軒,"102/F, The Ritz-Carlton Hong Kong, International Commerce Centre, 1 Austin Road West, Tsim Sha Tsui",$401-800,401,800,Guangdong,Dim Sum,22400,199,8
Hotaru 螢火,"Shop 1, LG/F, Hilton Towers, 96 Granville Road, Tsim Sha Tsui",$401-800,401,800,Japanese,Teppanyaki,11200,208,5
"Cafe, Hyatt Regency Tsim Sha Tsui","Lobby Level, Hyatt Regency Hong Kong Tsim Sha Tsui, 18 Hanoi Road, Tsim Sha Tsui",$401-800,401,800,International,Buffet,56800,300,65
Da Filippo Trattoria,"Shop 3203-3204A, 3/F, Gateway Arcade, Harbour City, 21 Canton Road, Tsim Sha Tsui",$201-400,201,400,Italian,Seafood,16100,189,26
Kuang Ye Ma Shen 狂野麻神麻辣火鍋,"2/F, Mary Building , 77 Peking Road, Tsim Sha Tsui",$201-400,201,400,Taiwan,Hot Pot,5400,223,7
TEKKA (Hau Fook Street) 鉄火堂 (厚福街),"G/F, 10 Hau Fook Street, Tsim Sha Tsui",$101-200,101,200,Japanese,Sushi/Sashimi,14000,242,22
BASE 2 Bar & Restaurant 基地貳,"G&1/F, Hai Xin Building, 17 Hart Avenue, Tsim Sha Tsui",$201-400,201,400,International,Coffee Shop,11300,,
Royal INN,"Shop L121, 1/F, The ONE, 100 Nathan Road, Tsim Sha Tsui",$201-400,201,400,International,Seafood,14200,,
ATUM Restaurant,"Shop 101B, 1/F, K11 Art Mall, 18 Hanoi Road, Tsim Sha Tsui",$201-400,201,400,Western,Seafood,70800,,
BRICK LANE Gallery,"G/F., 17-23 Minden Avenue, Tsim Sha Tsui",$101-200,101,200,British,Dessert,44000,389,37
Badroom Bar & Restaurant 寢宮,"Shop A-C, 5/F, 10 Knutsford Terrace, Tsim Sha Tsui",$201-400,201,400,Western,Wine,6300,326,2
Social Place (Silvercord Tower) 唐宮小聚 (新港中心),"Shop 303, 3/F, Silvercord, 30 Canton Road, Tsim Sha Tsui",$101-200,101,200,Guangdong,Dim Sum,31600,283,19
The Drunken Pot (Observatory Road) 酒鍋 (天文台道),"Shop 1, 2/F, 8 Observatory Road, Tsim Sha Tsui",$201-400,201,400,Guangdong,Hot Pot,38800,527,31
Sushi Tachi (Cameron Plaza) 立鮨 (金馬倫廣場),"Shop D, G/F, Cameron Plaza, 23 Cameron Road, Tsim Sha Tsui",$101-200,101,200,Japanese,Sushi/Sashimi,16900,297,11
Y Show Tasty,"12/F, H8, 8 Hau Fook Street, Tsim Sha Tsui",$201-400,201,400,Western,Seafood,31300,376,18
Velo Italian Bar & Grill,"Shop 103, 1/F, K11 Musea, Victoria Dockside, 18 Salisbury Road, Tsim Sha Tsui",$401-800,401,800,Italian,Pizza,44100,156,23
Poseidon Restaurant & Bar,"4/F, Astoria Building, 24-38 Ashley Road, Tsim Sha Tsui",$201-400,201,400,International,Bar,21700,246,13
8Pots HK (Kimberley Road) 8鍋臭臭鍋 (金巴利道),"G/F, 77 Kimberley Road, Tsim Sha Tsui",$101-200,101,200,Taiwan,Hot Pot,34400,548,17
Amelia Hong Kong,"Shop OTG63, G/F, Ocean Terminal, Harbour City, 3-27 Canton Road, Tsim Sha Tsui",$201-400,201,400,Italian,Bar,18100,242,55
嵐橋日本料理,"M/F&1/F, Rich Towers, 2 Blenheim Ave, Minden Ave, Tsim Sha Tsui",$201-400,201,400,Japanese,,9100,161,2
B’hood,"Shop 32-35, G/F, South Seas Centre, 75 Mody Road, Tsim Sha Tsui",$101-200,101,200,Western,Coffee Shop,3800,173,1
Beef Bang Taiwanese Hot Pot 牛品台式火鍋,"1/F, 32-34 Lock Road, Tsim Sha Tsui",$101-200,101,200,Taiwan,Hot Pot,13100,288,13
T'ang Court 唐閣,"1/F and 2/F, The Langham Hong Kong, 8 Peking Road, Tsim Sha Tsui",$401-800,401,800,Guangdong,Seafood,22300,207,11
Twelve Flavors (Hart Avenue) 十二味 (赫德道),"Shop 6 G/F & 1/F, Lee Wai Commercial Building, 1-3A Hart Avenue, Tsim Sha Tsui",$101-200,101,200,Sichuan,Stir-Fry,32400,316,13
Hakkaisan Japanese Restaurant 八海山,"Shop 1-4, G/F, Prat Mansions, 26-36 Prat Avenue, Tsim Sha Tsui",$201-400,201,400,Japanese,Group Dining,7600,,
Sushi Dokoro Matsudo (The Toy House) 鮨處松戶 (彩星集團大廈),"8/F The Toy House, 100 Canton Road, Tsim Sha Tsui",$201-400,201,400,Japanese,Sushi/Sashimi,13300,,
Saburo Japanese Yakiniku 三郎。燒肉,"Shop 3, G/F, H Zentre, 15 Middle Road, Tsim Sha Tsui",$401-800,401,800,Japanese,BBQ,6700,,
Born Ga Korea Restaurant 本家韓國料理,"1/F, Eastern Flower Centre, 22-24 Cameron Road, Tsim Sha Tsui",$201-400,201,400,Korean,Roast Meat,31400,94,20
ChumChumMi ChumChum味,"Shop 17-20 & 31-34, G/F ,FHP Shopping Centre ,37-41 Mody Road, Tsim Sha Tsui",$201-400,201,400,Korean,Korean BBQ,14900,204,11
Empire City Roasted Duck 大都烤鴨,"Shop 221, Level 2, K11 Art Mall, 18 Hanoi Road, Tsim Sha Tsui",$101-200,101,200,Shanghai,Stir-Fry,35000,203,32
KABOOM,"20/F, Prince Tower, 12A Peking Road, Tsim Sha Tsui",$201-400,201,400,Thai,Curry,44900,158,27
Kailash Parbat,"Unit 302, 3/F, Multifield Plaza, 3 Prat Ave, Tsim Sha Tsui",$101-200,101,200,Indian,Vegetarian,11000,358,2
Pasticceria Giovanni Pina 1920 (K11 Musea),"Shop 217, 2/F, K11 Musea, Victoria Dockside, 18 Salisbury Road, Tsim Sha Tsui",$101-200,101,200,Italian,,12700,164,7
Uptop Bistro and Bar,"19/F, Popway Hotel , 117 Chatham Road South, Tsim Sha Tsui",$201-400,201,400,Western,Wine,31900,286,11
Lady M,"Shop OT215K, 2/F, Ocean Terminal, Harbour City, 3-27 Canton Road, Tsim Sha Tsui",$51-100,51,100,Western,Bakery,23500,412,17
光榮冰室 (厚福街),"Shop 6, G/F, 5-6 Hau Fook Street, Tsim Sha Tsui",Below $50,50,50,Hong Kong Style,Tea Restaurant,10200,243,15
LIFETASTIC Patisserie (The ONE),"Shop L406, 4/F, The ONE, 100 Nathan Road, Tsim Sha Tsui",$101-200,101,200,Western,Dessert,10200,299,19
香港小熊,"Shop 7A, G/F, Tsim Sha Tsui Mansion, 36-50 Lock Road, Tsim Sha Tsui",Below $50,50,50,Hong Kong Style,Taiwanese Drink,2100,151,1
Kedai Kopi Semua Semua 蘇媽.蘇媽馬來西亞茶餐室,"G/F, Grandmark, 10 Granville Road, Tsim Sha Tsui",$51-100,51,100,Malaysian,,3800,174,3
Moti Palace Indian Restaurant 珍珠皇宮印度餐廳,"Shop 96-97, 1/F, Chungking Mansions, 36-44 Nathan Road, Tsim Sha Tsui",$101-200,101,200,Indian,Seafood,4200,207,1
U-Banquet The Starview (The ONE) 星海．譽宴 (The ONE),"18/F, The ONE, 100 Nathan Road, Tsim Sha Tsui",$201-400,201,400,Guangdong,Dim Sum,8800,197,7
Gelato-go,"G/F, The Nate, 176 Nathan road, Tsim Sha Tsui",Below $50,50,50,Italian,Dessert,5500,183,4
BASE 2 Bar & Restaurant 基地貳,"G&1/F, Hai Xin Building, 17 Hart Avenue, Tsim Sha Tsui",$201-400,201,400,International,Coffee Shop,11300,,
ATUM Restaurant,"Shop 101B, 1/F, K11 Art Mall, 18 Hanoi Road, Tsim Sha Tsui",$201-400,201,400,Western,Seafood,70800,,
Ryou Dou Raku 漁道樂,"Shop A, G/F, Kimberley House, 35 Kimberley Road, Tsim Sha Tsui",$401-800,401,800,Japanese,Seafood,20400,,
sensory ZERO (海港城),"Lane Crawford, G/F, Marco Polo Hong Kong Hotel, Harbour City, 3 Canton Road, Tsim Sha Tsui",$101-200,101,200,Japanese,All Day Breakfast,15600,134,9
Dào Chéng Taiwanese Restaurant (K11) 稻埕飯店 (K11),"Shop B105-B106, B1/F, K11 Art Mall, 18 Hanoi Road, Tsim Sha Tsui",$51-100,51,100,Taiwan,,17000,176,7
Kaiyō 海陽。居酒屋,"Shop 103-103A, 1/F, K11 Musea, Victoria Dockside, 18 Salisbury Road, Tsim Sha Tsui",$201-400,201,400,Japanese,Izakaya,28900,167,45
Ramen House Konjiki Hototogisu (H Zentre) 金色不如帰 (H Zentre),"G/F, H Zentre, 15 Middle Road, Tsim Sha Tsui",$101-200,101,200,Japanese,Ramen,5400,157,7
181 FORTNUM & MASON,"FORTNUM & MASON, Shop 002&122, G/F, K11 Musea, Victoria Dockside, 18 Salisbury Road, Tsim Sha Tsui",Above $801,801,801,British,Dessert,18200,124,15
Wooloomooloo Prime,"21/F, The ONE, 100 Nathan Road, Tsim Sha Tsui",$401-800,401,800,Australian,Steak House,41200,191,33
Seikuu 晴空日本料理,"Shop 1, G/F, 8 Kimberley Street, Tsim Sha Tsui",$201-400,201,400,Japanese,Sushi/Sashimi,9600,289,2
ODEA,"G/F, FWD House 1881 Main Building, 2A Canton Road, Tsim Sha Tsui",$201-400,201,400,French,,25100,107,5
Tagline Restaurant and Bar,"4/F, 10 PRAT , 10 Prat Avenue, Tsim Sha Tsui",$101-200,101,200,Indian,Vegetarian,8700,139,0
Season Plus,"Shop A&E, G/F, Block 1, Universal Mansion, 52 Hillwood Road, Tsim Sha Tsui",$101-200,101,200,Western,Seafood,19900,479,24
Golden Phoenix Restaurant (Hillwood Road) 金鳳大餐廳 (山林道),"U/F, 9A Hillwood Rd,, Tsim Sha Tsui",$101-200,101,200,Hong Kong Style,Steak House,5800,257,82
Quan Alley HK 寬巷子,"Shop OT G57, G/F, Ocean Terminal, Harbour City, 3-27 Canton Road, Tsim Sha Tsui",$401-800,401,800,Taiwan,Hot Pot,22100,256,18
Attic Handmade Pasta,"Shop 101, 1/F, The Cameron, 33 Cameron Road, Tsim Sha Tsui",$201-400,201,400,Italian,Seafood,18900,133,12
The Greenery 雅苑座,"3/F, The Royal Garden, 69 Mody Road, Tsim Sha Tsui",$401-800,401,800,International,Buffet,63000,593,90
Hugo's 希戈餐廳,"Lobby Level, Hyatt Regency Hong Kong Tsim Sha Tsui, 18 Hanoi Road, Tsim Sha Tsui",Above $801,801,801,French,Fine Dining,27100,191,10
Saburo Japanese Yakiniku 三郎。燒肉,"Shop 3, G/F, H Zentre, 15 Middle Road, Tsim Sha Tsui",$401-800,401,800,Japanese,BBQ,6700,,
BASE 2 Bar & Restaurant 基地貳,"G&1/F, Hai Xin Building, 17 Hart Avenue, Tsim Sha Tsui",$201-400,201,400,International,Coffee Shop,11300,,
Hakkaisan Japanese Restaurant 八海山,"Shop 1-4, G/F, Prat Mansions, 26-36 Prat Avenue, Tsim Sha Tsui",$201-400,201,400,Japanese,Group Dining,7600,,
Kok Kok Chickhen (Ashley Road) 咯咯雞韓食店 (亞士厘道),"G/F, 20A Ashley Road, Tsim Sha Tsui",$51-100,51,100,Korean,Korean Fried Chicken,6000,148,13
Dang Wen Li by Dominique Ansel 當文歷餅店 by Dominique Ansel,"Shop OT G63A, G/F, Ocean Terminal, Harbour City, 3-27 Canton Road, Tsim Sha Tsui",$51-100,51,100,International,Cake,13300,167,22
CHAAT,"5/F, Rosewood Hong Kong, 18 Salisbury Road, Tsim Sha Tsui",$401-800,401,800,Indian,Hotel Restaurant,17800,100,4
ANA TEN 天穴,"Shop OTE 304, 3/F,Ocean Terminal, Harbour City, 3-27 Canton Road, Tsim Sha Tsui",$401-800,401,800,Japanese,Sushi/Sashimi,22800,136,12
Sing La 星怡,"Shop 303, 3/F, Isquare, 63 Nathan Road, Tsim Sha Tsui",$101-200,101,200,Singaporean,,4700,155,3
Korean Inn Restaurant 高麗軒韓國料理,"LG/F, 46-48 Kimberley Road,, Tsim Sha Tsui",$201-400,201,400,Korean,Roast Meat,24300,444,19
Scarlett Cafe & Wine Bar,"G/F., 2 Austin Avenue, Tsim Sha Tsui",$201-400,201,400,French,,36800,215,19
Base Bar & Restaurant 基地,"Shop A, G/F, Quality Tower, 29-31 Hillwood Road, Tsim Sha Tsui",$101-200,101,200,Western,Bar,18200,114,5
川味辣蟹·串燒·烤魚·雞煲·專門店,"G/F, Kimbry Court, 58-60A Kimberley Road, Tsim Sha Tsui",$101-200,101,200,Sichuan,Hot Pot,6300,184,4
ÉPURE,"Shop 403, 4/F, Ocean Centre, Harbour City, 3-27 Canton Road, Tsim Sha Tsui",Above $801,801,801,French,Wine,25200,193,13
Chuan Po Po (Prat Avenue) 川婆婆 (寶勒巷),"G/F, 26-36 Prat Avenue, Tsim Sha Tsui",$201-400,201,400,Sichuan,Hot Pot,22200,360,25
Chatpoint (Carnarvon Road) 臺坊 (加拿分道),"Shop C, G/F, 49 Carnarvon Road, Tsim Sha Tsui",$51-100,51,100,Taiwan,,6200,142,2
Sushi Rin 鮨燐,"Shop 1, UG/F, H Zentre, 15 Middle Road, Tsim Sha Tsui",Above $801,801,801,Japanese,Sushi/Sashimi,7800,155,4
Above & Beyond 天外天,"28/F, Hotel ICON, 17 Science Museum Road, Tsim Sha Tsui",$401-800,401,800,Guangdong,Dim Sum,26500,188,14
CHECK IN TAIPEI (Harbour City) 臺北棧 (海港城),"Shop 2204-6, 2/F, Harbour City, Gateway Arcade, 5 Canton Road, Tsim Sha Tsui",$101-200,101,200,Taiwan,Taiwanese Drink,9400,232,6
Ryou Dou Raku 漁道樂,"Shop A, G/F, Kimberley House, 35 Kimberley Road, Tsim Sha Tsui",$401-800,401,800,Japanese,Seafood,20400,,
ATUM Restaurant,"Shop 101B, 1/F, K11 Art Mall, 18 Hanoi Road, Tsim Sha Tsui",$201-400,201,400,Western,Seafood,70800,,
BASE 2 Bar & Restaurant 基地貳,"G&1/F, Hai Xin Building, 17 Hart Avenue, Tsim Sha Tsui",$201-400,201,400,International,Coffee Shop,11300,,
Park café,"4/F, Park Hotel Hong Kong, 61-65 Chatham Road South, Tsim Sha Tsui",$201-400,201,400,Western,Buffet,28800,233,57
Heisei 平成,"Shop 17, G/F, The Pinnacle, 8 Minden Avenue, Tsim Sha Tsui",$101-200,101,200,Japanese,Izakaya,5500,242,7
La Famille,"Kiosk 5, 2/F, Ocean Centre, Harbour City, 3-27 Canton Road, Tsim Sha Tsui",$201-400,201,400,Japanese,Dessert,2800,154,0
AFURI Ramen + Dumpling (The ONE) 阿夫利拉麵 (The ONE),"i.t orange forest, 2/F, THE ONE, 100 Nathan Road, Tsim Sha Tsui",$101-200,101,200,Japanese,Ramen,11200,195,10
Coucou Hotpot‧Tea Break (K11 Art Mall) 湊湊火鍋‧茶憩 (K11購物藝術館),"Shop B124, B1/F, K11 Art Mall, 18 Hanoi Road, Tsim Sha Tsui",$201-400,201,400,Taiwan,Hot Pot,18700,111,6
Lemna of the alchemist 牧羊少年與他的浮萍,"G/F, Hong Kong Cultural Centre, 10 Salisbury Road, Tsim Sha Tsui",$51-100,51,100,Western,All Day Breakfast,9300,134,0
Avenue75,"Shop 36-41, G/F, South Seas Centre, 75 Mody Road, Tsim Sha Tsui",$101-200,101,200,International,Hotel Restaurant,2600,137,1
Owl's Choux,"G/F, 32 Mody Road, Tsim Sha Tsui",Below $50,50,50,Japanese,Dessert,25000,261,6
Guts Soul 燒魂,"2/F, Cameron Centre, 57-59 Chatham Road, Tsim Sha Tsui",$201-400,201,400,Japanese,All-you-can-eat,30000,552,125
PUTIEN (Mira Place Two) 莆田 (美麗華廣場2期),"Shop 269-270, 2/F, Mira Place Two, 118 -130 Nathan Road, Tsim Sha Tsui",$101-200,101,200,Fujian,Seafood,11800,698,4